{"cameraMode":{"drawMode":0,"name":"Shaded","section":"Shading Mode"},"sceneLighting":false,"audioPlay":false,"sceneViewState":{"showFog":true,"showMaterialUpdate":false,"showSkybox":false,"showFlares":true,"showImageEffects":true,"showParticleSystems":true},"in2DMode":false,"pivot":{"x":10.148408889770508,"y":11.239123344421387,"z":1.8441524505615235},"rotation":{"x":-0.1617014855146408,"y":0.18298737704753877,"z":-0.030528167262673379,"w":-0.9692463278770447},"size":23.494792938232423,"orthographic":false}