{"cameraMode":{"drawMode":0,"name":"Shaded","section":"Shading Mode"},"sceneLighting":false,"audioPlay":false,"sceneViewState":{"showFog":true,"showMaterialUpdate":false,"showSkybox":false,"showFlares":true,"showImageEffects":true,"showParticleSystems":true},"in2DMode":false,"pivot":{"x":-0.784748911857605,"y":0.29991090297698977,"z":0.19891858100891114},"rotation":{"x":-0.05727851390838623,"y":0.004182059317827225,"z":-0.00024009529442992061,"w":-0.9983580112457275},"size":6.102183818817139,"orthographic":false}